순번,업무구분,TR_CODE,인터페이스명,전문명,길이(헤더제외),현파채권,유가,코스닥,코넥스,파생,파생야간,일반채권,소액채권,KTS,REPO,배치온라인,송수신,데이터주기,서비스,비고,차세대변경
1,세션,SCHLIQ00000,로그온 요청,,41,-,,,,,,,,,,-,-,-,-,,
2,세션,SCHLIR00000,로그온 응답,,5,-,,,,,,,,,,-,-,-,-,,
3,세션,SCHOPQ00000,업무개시 요청,,26,-,,,,,,,,,,-,-,-,-,,
4,세션,SCHOPR00000,업무개시 응답,,26,-,,,,,,,,,,-,-,-,-,,
5,세션,SCHOPQ10000,"업무개시 요청(체결,장운영,DropCopy 전용)",,116,,,,,,,,,,,,,,,,
6,세션,SCHOPR10000,"업무개시 응답(체결,장운영,DropCopy 전용)",,116,,,,,,,,,,,,,,,,
7,세션,SCHHEQ00000,회선시험 요청,,4,-,,,,,,,,,,-,-,-,-,,
8,세션,SCHHER00000,회선시험 응답,,4,-,,,,,,,,,,-,-,-,-,,
9,세션,SCHLOQ00000,로그아웃 요청,,-,-,,,,,,,,,,-,-,-,-,,
10,세션,SCHLOR00000,로그아웃 응답,,4,-,,,,,,,,,,-,-,-,-,,
11,트랜잭션(예시),해당업무 TR,주문요청,,-,-,,,,,,,,,,-,-,-,-,,
12,트랜잭션(예시),해당업무 TR,주문응답,,-,-,,,,,,,,,,-,-,-,-,,
13,트랜잭션(예시),해당업무 TR,체결,,-,-,,,,,,,,,,-,-,-,-,,
14,트랜잭션(예시),해당업무 TR,장운영,,-,-,,,,,,,,,,-,-,-,-,,
15,트랜잭션(예시),해당업무 TR,채권 Drop-Copy,,-,-,,,,,,,,,,-,-,-,-,,
16,트랜잭션(예시),해당업무 TR,신고,,-,-,,,,,,,,,,-,-,-,-,,
17,트랜잭션(예시),해당업무 TR,신고응답,,-,-,,,,,,,,,,-,-,-,-,,
18,트랜잭션(예시),해당업무 TR,조회요청,,-,-,,,,,,,,,,-,-,-,-,,
19,트랜잭션(예시),해당업무 TR,조회요청응답,,-,-,,,,,,,,,,-,-,-,-,,
20,트랜잭션(예시),해당업무 TR,조회데이터 송신,,-,-,,,,,,,,,,-,-,-,-,,
21,트랜잭션(예시),해당업무 TR,조회데이터 응답,,-,-,,,,,,,,,,-,-,-,-,,
22,트랜잭션(예시),해당업무 TR,실시간송신,,-,-,,,,,,,,,,-,-,-,-,,
23,트랜잭션(예시),해당업무 TR,일괄수신,,-,-,,,,,,,,,,-,-,-,-,,
24,트랜잭션(예시),해당업무 TR,일괄수신응답,,-,-,,,,,,,,,,-,-,-,-,,
25,트랜잭션(예시),해당업무 TR,일괄송신,,-,-,,,,,,,,,,-,-,-,-,,
26,트랜잭션(예시),해당업무 TR,일괄송신응답,,-,-,,,,,,,,,,-,-,,-,,
27,매매,TCHODR10001,호가입력,신규호가,294,현/파,O,O,O,O,O,,,,,온라인,수신,08:30~20:00,주문,애프터마켓 개설 관련 변경(데이터주기 변경),"(항목 추가) ME그룹번호, 최소체결수량, 알고리즘전략구분코드, /     거래자ID, 호가그룹번호, 자전거래방지코드 / (항목 수정) 시장조성자호가구분코드 / (항목 삭제) 프로그램호가신고구분코드 / (항목 추가) 호가조건가격,거래시장선택구분코드,공매도ID"
28,매매,TCHODR10002,,정정호가,294,현/파,O,O,O,O,O,,,,,,,,주문,애프터마켓 개설 관련 변경(데이터주기 변경),
29,매매,TCHODR10003,,취소호가,294,현/파,O,O,O,O,O,,,,,,,,주문,애프터마켓 개설 관련 변경(데이터주기 변경),
30,매매,TCHAOR10001,,경쟁대량신규호가,294,현,O,O,,,,,,,,온라인,수신,08:30 ~15:00,대량주문,애프터마켓 개설 관련 변경(데이터주기 변경),
31,매매,TCHAOR10003,,경쟁대량취소호가,294,현,O,O,,,,,,,,,,,대량주문,애프터마켓 개설 관련 변경(데이터주기 변경),
32,매매,TCHODR40001,채권일반호가입력,신규호가,254,채,,,,,,O,O,O,,온라인,수신,08:30~16:00,주문,,(항목추가) ME그룹번호
33,매매,TCHODR40002,,정정호가,254,채,,,,,,O,O,O,,,,,주문,,
34,매매,TCHODR40003,,취소호가,254,채,,,,,,O,O,O,,,,,주문,,
35,매매,TCHMOR40001,채권조성호가입력,신규호가,255,채,,,,,,O,,O,,온라인,수신,08:30~16:00,주문,,(항목추가) ME그룹번호
36,매매,TCHMOR40002,,정정호가,255,채,,,,,,O,,O,,,,,주문,,
37,매매,TCHMOR40003,,취소호가,255,채,,,,,,O,,O,,,,,주문,,
38,매매,TCHBOR10001,대량호가입력,대량신규호가,307,현,O,O,O,,,,,,,온라인,수신,08:00~20:00,대량주문,애프터마켓 개설 관련 변경(데이터주기 변경),"(항목추가) ME그룹번호 / (정의변경) 협상번호, 협상상세번호, 협상자ID, /               상대회원번호, 상대계좌번호, 협의완료시각"
39,매매,TCHBOR10003,,대량취소호가,307,현,O,O,O,,,,,,,,,,대량주문,애프터마켓 개설 관련 변경(데이터주기 변경),
40,매매,TCHBOR20001,,"협의거래(협의대량, EFP, FLEX)신규",307,현/파,O,O,O,O,O,,,,,,,,대량주문,애프터마켓 개설 관련 변경(데이터주기 변경),시장시스템구분 변경 : 파생 → 현물/파생
41,매매,TCHBOR20003,,"협의거래(협의대량, EFP, FLEX)취소",307,현/파,O,O,O,O,O,,,,,,,,대량주문,애프터마켓 개설 관련 변경(데이터주기 변경),시장시스템구분 변경 : 파생 → 현물/파생
42,매매,TCHHOR10001,장개시전 협의거래호가입력,장개시전 협의거래신규,243,파,,,,O,,,,,,온라인,수신,07:30~08:20,대량주문,,(항목추가) ME그룹번호
43,매매,TCHHOR10003,,장개시전 협의거래취소,243,파,,,,O,,,,,,,,,대량주문,,
44,매매,TCHHOR20001,장개시전 협의거래수탁거부신고,거부신고,71,파,,,,O,,,,,,온라인,수신,07:30~08:20,대량주문,,(항목추가) ME그룹번호
45,매매,TCHHOR20003,,거부신고취소,71,파,,,,O,,,,,,,,,대량주문,,
46,매매,TCHKOR10001,Kill Switch 입력,,147,현/파/채,O,O,,O,O,,,O,,온라인,수신,08:30~20:00,주문,애프터마켓 개설 관련 변경(데이터주기 변경),(항목추가) ME그룹번호 / (항목삭제) 보드ID
47,매매,TCHMCR10001,일괄호가취소(MOC) 입력,,181,현/파,O,O,O,O,O,,,,,온라인,수신,08:30~20:00,주문,애프터마켓 개설 관련 변경(데이터주기 변경),KRX에서 발급받은 (알고리즘)거래자ID 소유자 대상
48,매매,TTRTDP21301,회원체결결과,체결결과,233,현/파,O,O,O,O,O,,,,,온라인,송신,08:30~20:05,체결,애프터마켓 개설 관련 변경(데이터주기 변경),(항목 수정) 시장조성자호가구분코드
49,매매,TTRTDP21302,,경쟁대량체결결과,233,현,O,O,,,,,,,,온라인,송신,08:00 ~15:00,대량체결,애프터마켓 개설 관련 변경(데이터주기 변경),
50,매매,TTRTDP21303,,경쟁대량VWAP,233,현,O,O,,,,,,,,,,15:30 ~16:30,대량체결,,
51,매매,TTRTDP42301,"채권체결결과(일반,조성)",체결결과,317,채,,,,,,O,O,O,,온라인,송신,08:30~16:00,체결,,
52,매매,TTRODP11301,회원처리호가,정상,318,현/파,O,O,O,O,O,,,,,온라인,송신,08:30~20:00,체결,애프터마켓 개설 관련 변경(데이터주기 변경),"(항목 수정) 시장조성자호가구분코드, 자동취소처리구분코드 / (항목 추가) 최소체결수량, 알고리즘전략구분코드,  /     알고리즘거래자ID, 호가그룹번호, 자전거래방지코드 / (항목 삭제) 프로그램호가신고구분코드 / (항목 추가) 호가조건가격,거래시장선택구분코드,공매도ID"
53,매매,TTRODP11321,,거부,318,현/파,O,O,O,O,O,,,,,,,,체결,애프터마켓 개설 관련 변경(데이터주기 변경),
54,매매,TTRODP11303,,자동취소,318,현/파,O,O,O,O,O,,,,,,,,체결,애프터마켓 개설 관련 변경(데이터주기 변경),
55,매매,TTRODP11305,,경쟁대량정상,318,현,O,O,,,,,,,,온라인,송신,08:00 ~15:00,대량체결,애프터마켓 개설 관련 변경(데이터주기 변경),
56,매매,TTRODP11322,,경쟁대량거부,318,현,O,O,,,,,,,,,,,대량체결,애프터마켓 개설 관련 변경(데이터주기 변경),
57,매매,TTRODP11306,,경쟁대량자동취소,318,현,O,O,,,,,,,,,,,대량체결,애프터마켓 개설 관련 변경(데이터주기 변경),
58,매매,TTRODP11308,,Buy-In 자동매수,318,현,O,O,O,,,,,,,온라인,송신,15:35(일반) / 17:50(당일),체결,,
59,매매,TTRODP11310,,프로그램매매호가효력정지,318,현,O,O,,,,,,,,온라인,송신,,체결,,
60,매매,TTRODP11311,,실시간가격제한지정가전환(접수즉시전환),318,파,,,,O,O,,,,,온라인,송신,,체결,,
61,매매,TTRODP11312,,실시간가격제한지정가전환(접수후전환),318,파,,,,O,O,,,,,온라인,송신,,체결,,
62,매매,TTRODP11401,,스탑호가정상,318,현,O,O,,,,,,,,온라인,송신,08:30~15:30,체결,,전문 추가 [2025-03-04]
63,매매,TTRODP41301,채권일반처리호가,정상,291,채,,,,,,O,O,O,,온라인,송신,08:30~16:00,체결,,
64,매매,TTRODP41302,,거부,291,채,,,,,,O,O,O,,온라인,송신,08:30~16:00,체결,,
65,매매,TTRODP41303,,자동취소,291,채,,,,,,O,O,O,,온라인,송신,08:30~16:00,체결,,
66,매매,TTRMOP41301,채권조성처리호가,정상,295,채,,,,,,O,,O,,온라인,송신,08:30~16:00,체결,,
67,매매,TTRMOP41302,,거부,295,채,,,,,,O,,O,,온라인,송신,08:30~16:00,체결,,
68,매매,TTRMOP41303,,자동취소,295,채,,,,,,O,,O,,온라인,송신,08:30~16:00,체결,,
69,매매,TTRBTP22301,회원대량체결결과,,231,현/파,O,O,O,O,O,,,,,온라인,송신,08:00~20:00,대량체결,애프터마켓 개설 관련 변경(데이터주기 변경),
70,매매,TTRBOP12301,회원대량처리호가,대량정상,320,현,O,O,O,,,,,,,온라인,송신,08:00~20:00,대량체결,애프터마켓 개설 관련 변경(데이터주기 변경),
71,매매,TTRBOP12321,,대량거부,320,현,O,O,O,,,,,,,,,,대량체결,애프터마켓 개설 관련 변경(데이터주기 변경),
72,매매,TTRBOP12302,,"협의(협의대량, EFP, FLEX)정상",320,현/파,O,O,O,O,O,,,,,,,,대량체결,애프터마켓 개설 관련 변경(데이터주기 변경),시장시스템구분 변경 : 파생 → 현물/파생
73,매매,TTRBOP12322,,"협의(협의대량, EFP, FLEX)거부",320,현/파,O,O,O,O,O,,,,,,,,대량체결,애프터마켓 개설 관련 변경(데이터주기 변경),시장시스템구분 변경 : 파생 → 현물/파생
74,매매,TTRBOP12303,,"협의(협의대량, EFP, FLEX)자동취소처리",320,파,,,,O,,,,,,,,,대량체결,,
75,매매,TTRBOP12344,장개시전 협의거래주문정보,,111,파,,,,O,,,,,,온라인,송신,06:05~06:10,대량체결,,
76,매매,TTRBOP12345,장개시전 협의거래 ECAG계좌 주문정보,,111,파,,,,O,,,,,,온라인,송신,08:20 이후,대량체결,,
77,매매,TTRBOP12305,장개시전 협의거래처리호가,장개시전 협의정상,266,파,,,,O,,,,,,온라인,송신,07:30~08:20,대량체결,,
78,매매,TTRBOP12323,,장개시전 협의거부,266,파,,,,O,,,,,,,,,대량체결,,
79,매매,TTRBOP12343,장개시전 협의거래수탁거부신고통보,,96,파,,,,O,,,,,,온라인,송신,07:30~08:20,대량체결,,
80,매매,TTRBOP12341,장개시전 협의거래미참여회원사통보,,40,파,,,,O,,,,,,온라인,송신,07:55~08:00,대량체결,,
81,매매,TTRBOP12342,수탁거부미제출회원사통보,,40,파,,,,O,,,,,,온라인,송신,08:15~08:20,대량체결,,
82,매매,TTRKOP11301,Kill Switch 처리,정상,161,현/파/채,O,O,,O,O,,,O,,온라인,송신,08:30~20:00,체결,애프터마켓 개설 관련 변경(데이터주기 변경),"(항목삭제) 보드ID / (항목변경) 접수시각 → 발동시각, 자리수 변경 9 → 12"
83,매매,TTRKOP11302,,거부,161,현/파/채,O,O,,O,O,,,O,,,송신,,체결,애프터마켓 개설 관련 변경(데이터주기 변경),"(항목삭제) 보드ID / (항목변경) 접수시각 → 발동시각, 자리수 변경 9 → 12"
84,매매,TTRMCP11301,일괄호가취소(MOC) 처리,정상,192,현/파,O,O,O,O,O,,,,,온라인,송신,08:30~20:00,체결,애프터마켓 개설 관련 변경(데이터주기 변경),KRX에서 발급받은 (알고리즘)거래자ID 소유자 대상
85,매매,TTRMCP11302,,거부,192,현/파,O,O,O,O,O,,,,,온라인,송신,08:30~20:00,체결,애프터마켓 개설 관련 변경(데이터주기 변경),KRX에서 발급받은 (알고리즘)거래자ID 소유자 대상
86,매매,TTRCDP11301,Cancel On Disconnect(COD) 처리,,38,현/파,O,O,O,O,O,,,,,온라인,송신,08:30~20:00,체결,애프터마켓 개설 관련 변경(데이터주기 변경),회원사 사전 지정 주문 프로세스 대상
87,채널,TCHEDP99000,회원사 체결 인터페이스 종료,,153,현/파/채,O,O,O,O,O,O,O,O,O,온라인,송신,현물 : 20:05 이후 / 파생 : 15:50 이후,체결,애프터마켓 개설 관련 변경(데이터주기 변경),
88,매매정보,TTRTDP42311,채권-체결 (DropCopy),,318,채,,,,,,O,,O,,온라인,송신,08:30~16:00,DropCopy,,업무구분 : 매매지원 → 매매정보
89,매매정보,TTRRTP42311,채권Repo-체결 (DropCopy),,335,채,,,,,,,,,O,온라인,송신,09:00~15:40,DropCopy,,업무구분 : 매매지원 → 매매정보
90,주문협상,TCHBOP10001,대량매매주문서거절,,186,현,O,O,O,,,,,,,온라인,수신,08:00~20:00,신고,애프터마켓 개설 관련 변경(데이터주기 변경),업무구분 : 매매지원 → 매매정보
91,주문협상,TTBSDP40002,대량매매주문서,,1200,현,O,O,O,,,,,,,온라인,송신,08:00~20:00,실시간송신,애프터마켓 개설 관련 변경(데이터주기 변경),kblox 주문협상
92,매매정보,TTSSDP20010,착오추정호가적출 회원사송신,,1200,파,,,,O,,,,,,온라인,송신,08:30 ~ 09:00 (발생시) / 15:35 ~ 15:45 (발생시),실시간송신,,업무구분 : 매매지원 → 매매정보
93,매매정보,TTSSDP90010,(파생야간)착오추정호가적출 회원사송신,,1200,파,,,,,O,,,,,온라인,송신,,,,업무구분 : 매매지원 → 매매정보
94,매매정보,TTSSDP10001,불공정거래 모니터링 지원정보,유가,632,현,O,,,,,,,,,배치,송신,20:00 ~ 20:30,일괄송신,애프터마켓 개설 관련 변경(데이터주기 변경),업무구분 : 매매지원 → 매매정보
95,매매정보,TTSSDP12001,,코스닥,632,현,,O,,,,,,,,,,20:00 ~ 20:30,일괄송신,애프터마켓 개설 관련 변경(데이터주기 변경),업무구분 : 매매지원 → 매매정보
96,매매정보,TTSSDP13001,,코넥스,632,현,,,O,,,,,,,,,18:00 ~ 18:30,일괄송신,애프터마켓 개설 관련 변경(데이터주기 변경),업무구분 : 매매지원 → 매매정보
97,매매정보,TTSSDP14001,시장조성자 매도 체결 증권거래세 면세 및 수수료 면제,유가,139,현,O,,,,,,,,,배치,송신,20:00 ~ 20:30,일괄송신,애프터마켓 개설 관련 변경(데이터주기 변경),업무구분 : 매매지원 → 매매정보
98,매매정보,TTSSDP14002,,코스닥,139,현,,O,,,,,,,,,,20:00 ~ 20:30,일괄송신,애프터마켓 개설 관련 변경(데이터주기 변경),업무구분 : 매매지원 → 매매정보
99,매매정보,TTSSDP20003,일별 종목별 주문체결 수량송신,,402,파,,,,O,,,,,,배치,송신,15:45~16:45,일괄송신,,업무구분 : 매매지원 → 매매정보
100,매매정보,TTSSDP90003,(파생야간)일별 종목별 주문체결 수량송신,,402,파,,,,,O,,,,,배치,송신,,,,업무구분 : 매매지원 → 매매정보
101,매매정보,TTSSDP10002,회원별약정,유가,114,현,O,,,,,,,,,배치,송신,20:00 ~ 20:30,일괄송신,애프터마켓 개설 관련 변경(데이터주기 변경),업무구분 : 매매지원 → 매매정보
102,매매정보,TTSSDP12002,,코스닥,114,현,,O,,,,,,,,,,20:00 ~ 20:30,일괄송신,애프터마켓 개설 관련 변경(데이터주기 변경),업무구분 : 매매지원 → 매매정보
103,매매정보,TTSSDP13002,,코넥스,114,현,,,O,,,,,,,,,18:00 ~ 18:30,일괄송신,애프터마켓 개설 관련 변경(데이터주기 변경),업무구분 : 매매지원 → 매매정보
104,매매정보,TTSSDP10004,회원별약정(프리마켓),유가,1200,현,O,,,,,,,,,온라인,송신,07:50~08:30,실시간송신,애프터마켓 개설 관련 변경('26.6.23)  / 전문 삭제,업무구분 : 매매지원 → 매매정보
105,매매정보,TTSSDP12004,,코스닥,1200,현,,O,,,,,,,,,,07:50~08:30,실시간송신,애프터마켓 개설 관련 변경('26.6.23)  / 전문 삭제,업무구분 : 매매지원 → 매매정보
106,매매정보,TTSSDP10012,ELW Knockout 평가기간 중 기초자산 고저가 정보,,114,현,O,,,,,,,,,배치,송신,15:30~16:30,일괄송신,,"업무구분 : 매매지원 → 매매정보 / (항목추가) 지수ID,  필러값 / (항목삭제) ELW지수소속시장구분코드, 업종지수코드"
107,매매정보,TCHDTR40001,"일반,소액채권 채권신고매매",,152,채,,,,,,O,O,,,온라인,송수신,09:00~19:00,신고,,업무구분 : 매매지원 → 매매정보
108,매매정보,TCHDTR40002,소액채권 신고시장수익률 송수신,,335,채,,,,,,,O,,,온라인,송수신,15:30~16:30,신고,,업무구분 : 매매지원 → 매매정보
109,매매정보,TCHATA10001,알고리즘거래계좌신고,파생,523,파,,,,O,,,,,,온라인,송수신,08:00~16:05,신고,,업무구분 : 매매지원 → 매매정보 / 데이터주기(시간) 변경 [2026-04-07]
110,매매정보,TCHASA10001,,유가,523,현,O,,,,,,,,,온라인,송수신,08:00~17:59,신고,,업무구분 : 매매지원 → 매매정보
111,매매정보,TCHASA20001,,코스닥,523,현,,O,,,,,,,,온라인,송수신,08:00~17:59,신고,,업무구분 : 매매지원 → 매매정보
112,매매정보,TCHABA10001,,KTS,523,채,,,,,,,,O,,온라인,송수신,08:00~17:59,신고,,업무구분 : 매매지원 → 매매정보
113,매매정보,TTSSDP20008,알고리즘거래계좌신고대상,,67,파,,,,O,,,,,,배치,송신,15:45~16:45,일괄송신,,업무구분 : 매매지원 → 매매정보
114,매매정보,TTSSDP90008,(파생야간)알고리즘거래계좌신고대상,,67,파,,,,,O,,,,,배치,송신,,,,업무구분 : 매매지원 → 매매정보
115,매매정보,TTSTDP18001,채권-회원WIT확정결과,,318,채,,,,,,,,O,,배치,송신,15:30~18:00,일괄송신,,업무구분 : 매매지원 → 매매정보
116,RDS,TRDESP00301,선물기준가,지수파생,95,파,,,,O,,,,,,배치,송신,16:00~18:00,일괄송신,,
117,RDS,TRDESP00302,,주식파생,95,파,,,,,,,,,,,,,일괄송신,,
118,RDS,TRDESP00303,,상품파생(10년제외),95,파,,,,,,,,,,,,,일괄송신,,
119,RDS,TRDESP00304,,10년국채,95,파,,,,,,,,,,,,,일괄송신,,
120,RDS,TRDESP00305,,해외파생,95,파,,,,,,,,,,,,,일괄송신,,
121,RDS,TRDESP00401,선물옵션 상하한가,지수파생선물,86,파,,,,O,,,,,,배치,송신,16:00~18:00,일괄송신,,
122,RDS,TRDESP00402,,주식파생선물,86,파,,,,,,,,,,,,,일괄송신,,
123,RDS,TRDESP00403,,지수파생옵션,86,파,,,,,,,,,,,,,일괄송신,,
124,RDS,TRDESP00404,,주식파생옵션,86,파,,,,,,,,,,,,,일괄송신,,
125,RDS,TRDESP00405,,상품파생선물(10년제외),86,파,,,,,,,,,,,,,일괄송신,,
126,RDS,TRDESP00406,,10년국채선물,86,파,,,,,,,,,,,,,일괄송신,,
127,RDS,TRDESP00407,,상품파생옵션,86,파,,,,,,,,,,,,,일괄송신,,
128,RDS,TRDESP00408,,해외파생선물,86,파,,,,,,,,,,,,,일괄송신,,
129,RDS,TRDESP00501,옵션기준가,지수파생,113,파,,,,O,,,,,,배치,송신,16:00~18:00,일괄송신,,
130,RDS,TRDESP00502,,주식파생,113,파,,,,,,,,,,,,,일괄송신,,
131,RDS,TRDESP00503,,상품 파생,113,파,,,,,,,,,,,,,일괄송신,,
132,RDS,TRDESP00601,유동성공급자,,201,현,O,O,O,,,,,,,배치,송신,20:00~23:00,일괄송신,애프터마켓 개설 관련 변경(보드ID 추가),
133,RDS,TRDESP00701,자사주 신청정보,,103,현,O,O,O,,,,,,,배치,송신,20:00~23:00,일괄송신,애프터마켓 개설 관련 변경(데이터주기 변경),
134,RDS,TRDESP00801,장운영정보,,58,현/선/채,O,O,O,O,,O,O,O,O,배치,송신,20:00~23:00,일괄송신,애프터마켓 개설 관련 변경(데이터주기 변경),
135,RDS,TRDESP90801,야간장운영정보,,0,파생야간,,,,,,,,,,배치,송신,16:40~17:00,일괄송신,,
136,RDS,TRDESP00901,주식파생상품 기초자산 코드정보,,58,파,,,,O,,,,,,배치,송신,16:00~18:00,일괄송신,,
137,RDS,TRDESP01001,파생종목정보,,1293,파,,,,O,,,,,,배치,송신,17:00~18:00,일괄송신,,매칭체결[ME]그룹번호 항목 추가
138,RDS,TRDESP91001,파생야간종목정보,,0,파생야간,,,,,,,,,,배치,송신,16:30분 전후,일괄송신,,
139,RDS,TRDESP01101,파생종목 조정,,183,파,,,,O,,,,,,배치,송신,16:00~18:00,일괄송신,,
140,RDS,TRDESP01201,현물종목이벤트,,77,현/채,O,O,O,,,O,O,O,O,배치,송신,20:00~23:00,일괄송신,애프터마켓 개설 관련 변경(데이터주기 변경),
141,RDS,TRDESP01301,현물종목정보,,2714,현,O,O,O,,,,,,,배치,송신,20:00~23:00,일괄송신,애프터마켓 개설 관련 변경(데이터주기 변경),"매칭체결[ME]그룹번호 항목 추가 / 항목 코드값 변경 및 추가 [2022-07-08] / 항목 코드값 변경 [2022-11-21] / 코드값 추가 [2022-12-12] / 코드값 추가 [2023-06-26] / (항목추가) 가격변경유형코드 [2023-06-26] / 항목 추가 및 정의변경[2024-04-22] / 코드값 추가 [2024-05-23] / (항목 추가) 종목인덱스, 가격단위규칙ID, 스톱지정가호가취소조건코드, 중간가호가취소조건코드[2025-03-04] / 코드값 추가 [2025-03-21]"
142,RDS,TRDESP01401,ELW기초자산구성,,112,현,O,,,,,,,,,배치,송신,20:00~23:00,일괄송신,애프터마켓 개설 관련 변경(데이터주기 변경),"(항목추가) ELW지수ID, 필러값 / (항목삭제) ELW지수소속시장구분코드, 업종지수코드"
143,RDS,TRDESP01501,통합회원지점정보 송신,,420,현/파/채,O,O,O,O,,O,O,O,O,배치,송신,20:00~22:00,일괄송신,,
144,RDS,TRDESP01601,고속 알고리즘 거래자 정보,,251,현/파,O,O,O,O,,,,,,배치,송신,20:00~23:00,일괄송신,애프터마켓 개설 관련 변경(데이터주기 변경),코드값 변경 [2023-06-26]
145,RDS,TRDESP01801,해외지수휴장시간정보 송신,,66,현/파/채,O,O,O,O,,O,O,O,O,배치,송신,20:00~23:00,일괄송신,애프터마켓 개설 관련 변경(데이터주기 변경),
146,RDS,TRDESP01901,가격단위규칙,,81,현/파/채,O,O,O,O,,O,O,O,O,배치,송신,20:00~23:00,일괄송신,애프터마켓 개설 관련 변경(데이터주기 변경),전문 추가 [2025-03-04]
147,RDS,TRDERP00101,회원지점정보 수신,,420,현/파/채,O,O,O,O,,O,O,O,O,배치,수신,15:00~20:00,일괄수신,,
148,RDS,TRDESP03301,경매매신청정보,,96,현,,,O,,,,,,,배치,송신,20:00~23:00,일괄송신,애프터마켓 개설 관련 변경(데이터주기 변경),
149,RDS,TRDESP03401,보드별거래종목,주식/채권/파생,60,현/파/채,O,O,O,O,,O,O,O,O,배치,송신,20:00~23:00,일괄송신,애프터마켓 개설 관련 변경(데이터주기 변경),
150,RDS,TRDESP03402,,파생,0,파,,,,O,,,,,,배치,송신,16:00~18:00,일괄송신,,
151,RDS,TRDESP93402,야간보드별거래종목,파생야간,0,파생야간,,,,,,,,,,배치,송신,16:40~17:00,일괄송신,,
152,RDS,TRDESP03601,ETP지수구성,,224,현,O,O,O,,,,,,,배치,송신,20:00~23:00,일괄송신,애프터마켓 개설 관련 변경(데이터주기 변경),"(항목추가) 지수ID, 필러값 / (항목삭제) 지수소속시장구분코드, 업종지수코드 / 코드값 추가 [2022-12-12] / 코드값 추가 [2023-06-26] / 코드값 추가 [2024-05-23] / 코드값 추가 [2025-03-21]"
153,RDS,TRDESP03701,ETN 조기상환 조건,,115,현,O,,,,,,,,,배치,송신,20:00~23:00,일괄송신,애프터마켓 개설 관련 변경(데이터주기 변경),
154,RDS,TRDESP03801,ETN 수익구조내용,,2053,현,O,,,,,,,,,배치,송신,20:00~23:00,일괄송신,애프터마켓 개설 관련 변경(데이터주기 변경),
155,RDS,TRDESP50101,채권종목정보,,1173,채,,,,,,O,O,O,,배치,송신,20:00~23:00,일괄송신,애프터마켓 개설 관련 변경(데이터주기 변경),매칭체결[ME]그룹번호 항목 추가
156,RDS,TRDESP50102,KTS종목정보,,350,채,,,,,,,,O,,배치,송신,20:00~23:00,일괄송신,애프터마켓 개설 관련 변경(데이터주기 변경),항목 추가 [2024-05-27]
157,RDS,TRDESP50201,채권종목별 신용평가정보,,62,채,,,,,,O,O,O,O,배치,송신,20:00~23:00,일괄송신,애프터마켓 개설 관련 변경(데이터주기 변경),
158,RDS,TRDESP50301,채권 발행기관코드,,283,현/채,O,,,,,O,O,O,O,배치,송신,20:00~23:00,일괄송신,애프터마켓 개설 관련 변경(데이터주기 변경),정의변경[2024-04-22]
159,RDS,TRDESP50401,채권 기관코드,,282,채,,,,,,O,O,O,O,배치,송신,20:00~23:00,일괄송신,애프터마켓 개설 관련 변경(데이터주기 변경),
160,RDS,TRDESP50501,소액채권 매매종류정보,,72,채,,,,,,,O,,,배치,송신,20:00~23:00,일괄송신,애프터마켓 개설 관련 변경(데이터주기 변경),
161,RDS,TRDESP50601,소액채권 전담회원정보,,43,채,,,,,,,O,,,배치,송신,20:00~23:00,일괄송신,애프터마켓 개설 관련 변경(데이터주기 변경),
162,RDS,TRDESP50701,소액채권 신고시장수익률,,54,채,,,,,,,O,,,배치,송신,20:00~22:00,일괄송신,,
163,RDS,TRDESP50801,결제적용 물가연동계수,,73,채,,,,,,O,,O,,배치,송신,20:00~23:00,일괄송신,애프터마켓 개설 관련 변경(데이터주기 변경),
164,RDS,TRDESP50901,소매채권 분류코드정보,,81,채,,,,,,O,,,,배치,송신,20:00~23:00,일괄송신,애프터마켓 개설 관련 변경(데이터주기 변경),
165,RDS,TRDESP51001,소액인센티브시장조성종목,,94,채,,,,,,,O,,,배치,송신,20:00~23:00,일괄송신,애프터마켓 개설 관련 변경(데이터주기 변경),
166,매매정보,TTSSDP20004,일반비상주문호가재송신,파생,296,파,,,,O,,,,,,배치,송신,08:30~18:00,조회,,"(항목 추가) 최소체결수량, 알고리즘전략구분코드, 거래자ID,  /      호가그룹번호, 자전거래방지코드  / (항목 수정) 호가조건코드, 시장조성자호가구분코드,  /     자동취소처리구분코드 / (항목 삭제) 프로그램호가신고구분코드 / 업무구분 : 매매지원 → 매매정보"
167,매매정보,TTSSDP90004,(파생야간)일반비상주문호가재송신,파생야간,0,파,,,,,O,,,,,배치,송신,,,,"(항목 추가) 최소체결수량, 알고리즘전략구분코드, 거래자ID,  /      호가그룹번호, 자전거래방지코드  / (항목 수정) 호가조건코드, 시장조성자호가구분코드,  /     자동취소처리구분코드 / (항목 삭제) 프로그램호가신고구분코드 / 업무구분 : 매매지원 → 매매정보"
168,매매정보,TTSSDP20005,일반비상주문체결재송신,파생,232,파,,,,O,,,,,,배치,송신,08:30~18:00,조회,,"(항목 수정) 체결가격, 시장조성자호가구분코드 / 업무구분 : 매매지원 → 매매정보"
169,매매정보,TTSSDP90005,(파생야간)일반비상주문체결재송신,파생야간,0,파,,,,,O,,,,,배치,송신,,,,"(항목 수정) 체결가격, 시장조성자호가구분코드 / 업무구분 : 매매지원 → 매매정보"
170,매매정보,TTSSDP20006,"협의(협의대량, EFP, FLEX)비상주문호가재송신",파생,309,파,,,,O,,,,,,배치,송신,07:30~18:00,조회,,업무구분 : 매매지원 → 매매정보
171,매매정보,TTSSDP90006,"(파생야간)협의(협의대량, EFP, FLEX)비상주문호가재송신",파생야간,0,파,,,,,O,,,,,배치,송신,,,,업무구분 : 매매지원 → 매매정보
172,매매정보,TTSSDP20016,"협의(협의대량, EFP, FLEX)비상주문호가재송신(자동취소)",파생,309,파,,,,O,,,,,,배치,송신,07:30~18:00,조회,,업무구분 : 매매지원 → 매매정보
173,매매정보,TTSSDP20007,"협의(협의대량, EFP, FLEX)비상주문체결재송신",파생,209,파,,,,O,,,,,,배치,송신,07:30~18:00,조회,,업무구분 : 매매지원 → 매매정보
174,매매정보,TTSSDP90007,"(파생야간)협의(협의대량, EFP, FLEX)비상주문체결재송신",파생야간,0,파,,,,,O,,,,,배치,송신,,,,업무구분 : 매매지원 → 매매정보
175,장운영,TTRMIP31301,공개장운영,,91,현/파/채,O,O,O,O,O,O,O,O,O,온라인,송신,07:30~20:00,장운영#1,애프터마켓 개설 관련 변경(데이터주기 변경),신규 항목 추가 /   - 이벤트대상ME그룹번호
176,장운영,TTRMIP32301,주식종목정보 공개,,146,현,O,O,O,,,,,,,온라인,송신,07:30~07:00,장운영#1,애프터마켓 개설 관련 변경(데이터주기 변경),
177,장운영,TTRMIP32302,채권종목정보 공개,,182,채,,,,,,O,O,O,O,온라인,송신,07:30~08:30,장운영#1,,삭제
178,장운영,TTRMIP32303,회원 제재/해제 공개,,63,현/채,O,O,O,,,O,O,O,O,온라인,송신,07:30~20:00,장운영#1,애프터마켓 개설 관련 변경(데이터주기 변경),
179,장운영,TTRMIP32304,결제적용기준환율 공개,,53,채,,,,,,O,,,,온라인,송신,07:30~09:30,장운영#1,,
180,장운영,TTRMIP31302,기준가정보,,71,현,O,O,O,,,,,,,온라인,송신,08:30~18:00,장운영#2,1. 시가기준가 종목 / 2. 신규상장종목 /  - 상세기준은 유가/코스닥 시행세칙 참고,
181,장운영,TTRMIP31303,임의종료,,131,현,,,O,,,,,,,온라인,송신,08:30~20:05,장운영#2,애프터마켓 개설 관련 변경(데이터주기 변경),
182,장운영,TTRMIP31304,종목마감,,105,현/파/채,O,O,O,O,O,O,O,O,O,온라인,송신,08:30~20:05,장운영#2,애프터마켓 개설 관련 변경(데이터주기 변경),
183,장운영,TTRMIP31306,배분정보,,49,현/파/채,O,O,O,O,O,,O,,,온라인,송신,08:30~18:00,장운영#2,,
184,장운영,TTRMIP31307,VI(변동성완화장치),,117,현,O,O,,,,,,,,온라인,송신,08:30~20:05,장운영#2,애프터마켓 개설 관련 변경(데이터주기 변경),
185,장운영,TTRMIP31308,실시간가격제한,,70,파,,,,O,O,,,,,온라인,송신,08:30~15:45,장운영#2,,
186,장운영,TTRMIP31309,가격제한폭확대발동,,84,파,,,,O,,,,,,온라인,송신,08:30~15:45,장운영#2,,
187,채널,TCHEDP99001,회원사 장운영 인터페이스 종료,,153,현/파/채,O,O,O,O,O,O,O,O,O,온라인,송신,현물 : 20:05 이후 / 파생 : 15:50 이후,장운영#1 / 장운영#2,애프터마켓 개설 관련 변경(데이터주기 변경),
188,지수,TIAESP00101,종목지수정보,,61,현,,,,,,,,,,배치,송신,18:00~22:00,일괄송신,,
189,청산결제,TCSMIH10101,선물정산가격(파생시장),,1200,파,,,,O,,,,,,온라인,송신,16:00 이후,청산실시간송신#2,,서비스(프로세스) 변경(청산실시간송신->청산실시간송신#2) / 항목 정의 변경
190,청산결제,TCSMIH10201,옵션증거금기준가격(파생시장),,272,파,,,,O,,,,,,온라인,송신,16:00 이후,청산실시간송신#2,,서비스(프로세스) 변경(청산실시간송신->청산실시간송신#2) / 항목 정의 변경
191,청산결제,TCSMIH10401,유지증거금구간별이론가격(파생시장),,560,파,,,,O,,,,,,온라인,송신,16:00 이후,청산실시간송신#2,,항목 정의 변경
192,청산결제,TCSMIH10501,당일거래종목의위탁증거금구간별이론가격(파생시장),,240,파,,,,O,,,,,,온라인,송신,16:00 이후,청산실시간송신#2,,항목 정의 변경
193,청산결제,TCSMIH10601,익일상장종목의위탁증거금구간별이론가격(파생시장),,240,파,,,,O,,,,,,온라인,송신,16:00 이후,청산실시간송신#2,,항목 정의 변경
194,청산결제,TCSMIH10701,당일거래종목의종목별내재변동성(파생시장),,763,파,,,,O,,,,,,온라인,송신,16:00 이후,청산실시간송신#2,,서비스(프로세스) 변경(청산실시간송신->청산실시간송신#2) / 항목 정의 변경
195,청산결제,TCSMIH11401,익일상장종목의종목별내재변동성(파생시장),,763,파,,,,O,,,,,,온라인,송신,16:00 이후,청산실시간송신#2,,서비스(프로세스) 변경(청산실시간송신->청산실시간송신#2) / 항목 정의 변경
196,청산결제,TCSMIH10801,최종결제가격(파생시장),,1200,파,,,,O,,,,,,온라인,송신,11:30 이후,청산실시간송신#2,,서비스(프로세스) 변경(청산실시간송신->청산실시간송신#2) / 항목 정의 변경
197,청산결제,TCSMIH10901,외화평가가격(파생시장),,1200,파,,,,O,,,,,,온라인,송신,16:00 이후,청산실시간송신#2,,서비스(프로세스) 변경(청산실시간송신->청산실시간송신#2) / 항목 정의 변경
198,청산결제,TCSMIH11001,"금리,국채수익율(파생시장)",,1200,파,,,,O,,,,,,온라인,송신,11:30 이후,청산실시간송신#2,,서비스(프로세스) 변경(청산실시간송신->청산실시간송신#2) / 항목 정의 변경
199,청산결제,TCSMIH11101,신고업무운영시간(파생시장),,1200,파,,,,O,,,,,,온라인,송신,16:00 이후,청산실시간송신#2,,서비스(프로세스) 변경(청산실시간송신->청산실시간송신#2) / 항목 정의 변경
200,청산결제,TCSMIH11301,기준채권정보(파생시장),,1200,파,,,,O,,,,,,온라인,송신,16:30 이후,청산실시간송신#2,,서비스(프로세스) 변경(청산실시간송신->청산실시간송신#2) / 항목 정의 변경
201,청산결제,TCSMIH20201,정정후거래전문회원거래내역(파생시장),,297,파,,,,O,,,,,,온라인,송신,16:00 이후,청산실시간송신,,항목 정의 변경
202,청산결제,TCSMIH20301,계좌종목별미결제약정수량(파생시장),,248,파,,,,O,,,,,,온라인,송신,16:00 이후,청산실시간송신,,항목 신규 및 삭제
203,청산결제,TCSMIH20401,계좌별거래증거금소요액(파생시장),,633,파,,,,O,,,,,,온라인,송신,16:00 이후,청산실시간송신,,
204,청산결제,TCSMIH20501,선물일일정산(파생시장),,1200,파,,,,O,,,,,,온라인,송신,16:00 이후,청산실시간송신,,
205,청산결제,TCSMIH20601,옵션결제차금(파생시장),,1200,파,,,,O,,,,,,온라인,송신,16:00 이후,청산실시간송신,,
206,청산결제,TCSMIH20701,수수료및협회비(파생시장),,1200,파,,,,O,,,,,,온라인,송신,16:00 이후,청산실시간송신,,
207,청산결제,TCSMIH20801,현금결제옵션계좌별권리행사결제내역(파생시장),,678,파,,,,O,,,,,,온라인,송신,16:00 이후,청산실시간송신,,
208,청산결제,TCSMIH20901,인수도결제옵션계좌별권리행사및인수도내역(파생시장),,1200,파,,,,O,,,,,,온라인,송신,16:00 이후,청산실시간송신,,
209,청산결제,TCSMIH21001,"통화,채권선물계좌별인수도내역(파생시장)",,1200,파,,,,O,,,,,,온라인,송신,16:00 이후,청산실시간송신,,
210,청산결제,TCSMIH21201,통화상품회원별인수도내역(파생시장),,1200,파,,,,O,,,,,,온라인,송신,16:00 이후,청산실시간송신,,
211,청산결제,TCSMIH21401,거래증거금과부족내역통보(파생시장),,1200,파,,,,O,,,,,,온라인,송신,08:00,청산실시간송신,,항목 정의 변경
212,청산결제,TCSMIH21501,거래증거금및결제대금변동통보(파생시장),,1200,파,,,,O,,,,,,온라인,송신,08:00~12:00 (발생시),청산실시간송신,,항목 정의 변경
213,청산결제,TCSMIH21601,거래증거금질권설정말소(입출고)통보(파생시장),,1200,파,,,,O,,,,,,온라인,송신,09:00~18:00 (발생시),청산실시간송신,,항목 정의 변경
214,청산결제,TCSMIH22201,구분착오발생내역통보(파생시장),,1200,파,,,,O,,,,,,온라인,송신,07:30~15:45 (발생시),청산실시간송신,,항목 정의 변경 / 데이터주기(시간) 변경
215,청산결제,TCSMIH22301,위탁자기별거래증거금소요액(파생시장),,1200,파,,,,O,,,,,,온라인,송신,16:00 이후,청산실시간송신,,
216,청산결제,TCSMIH22302,신용위험거래증거금_경고및부과통보(파생시장),,1200,파,,,,O,,,,,,온라인,송신,16:00 이후,청산실시간송신,,
217,청산결제,TCSMIH23101,외화증권대용가(파생시장),,1200,파,,,,O,,,,,,온라인,송신,15:30 이후,청산실시간송신#2,,서비스(프로세스) 변경(청산실시간송신->청산실시간송신#2)
218,청산결제,TCSMIH24101,과다호가부담금,,1200,파,,,,O,,,,,,온라인,송신,15:45 이후,청산실시간송신,,데이터주기(시간) 변경
219,청산결제,TCSMIH25201,착오거래구제처리결과송신,,1200,파,,,,O,,,,,,온라인,송신,08:45~16:15 (발생시),청산실시간송신,,데이터주기(시간) 변경
220,청산결제,TCSMIH25301,착오거래구제접수송신,,1200,파,,,,O,,,,,,온라인,송신,08:45~16:15 (발생시),청산실시간송신,,데이터주기(시간) 변경
221,청산결제,TCSMIH25401,착오거래구제대상송신,,1200,파,,,,O,,,,,,온라인,송신,08:45~16:15 (발생시),청산실시간송신,,데이터주기(시간) 변경
222,청산결제,TCSMIH25501,착오거래구제기준가격송신,,1200,파,,,,O,,,,,,온라인,송신,08:45~16:15 (발생시),청산실시간송신,,데이터주기(시간) 변경
223,청산결제,TCSMIH26101,수수료(주식시장),,1200,현,O,O,O,,,,,,,온라인,송신,T+1 15:30 이후,청산실시간송신,,데이터주기(시간) 변경
224,청산결제,TCSMIH26201,종목별결제내역(주식시장),,1200,현,O,O,O,,,,,,,온라인,송신,T+1 15:30 이후,청산실시간송신,,데이터주기(시간) 변경
225,청산결제,TCSMIH26301,회원별결제내역(주식시장),,1200,현,O,O,O,,,,,,,온라인,송신,T+1 15:30 이후,청산실시간송신,,데이터주기(시간) 변경
226,청산결제,TCSMIH26401,거래전문회원의종목거래내역(주식시장),,1200,현,O,O,O,,,,,,,온라인,송신,18:00 이후,청산실시간송신,,항목 정의 변경
227,청산결제,TCSMIH26801,"접속세션이용료(주식,파생시장)",,1200,현/파,O,O,O,O,,,,,,온라인,송신,16:00 이후,청산실시간송신,,항목 정의 변경
228,청산결제,TCSMIH27001,회원별페일확정정보(주식시장),,1200,현,O,O,O,,,,,,,온라인,송신,16:05 이후,청산실시간송신,,
229,청산결제,TCSMIH27101,회원별이연결제대금정보(주식시장),,1200,현,O,O,O,,,,,,,온라인,송신,16:05 이후,청산실시간송신,,
230,청산결제,TCSMIH28101,국채전문유통시장차감결제내역,,1200,채,,,,,,,,O,,온라인,송신,16:00 이후,청산실시간송신,,
231,청산결제,TCSMIH27201,Buy-in실행정보,,1200,현,O,O,O,,,,,,,온라인,송신,"15:05 이후, 17:20 이후",청산실시간송신,,
232,청산결제,TCSMIH27301,Buy-in회원별결제수량,,1200,현,O,O,O,,,,,,,온라인,송신,"15:45 이후, 18:00 이후",청산실시간송신,,
233,청산결제,TCSMIH27401,Buy-in회원별결제대금,,1200,현,O,O,O,,,,,,,온라인,송신,"15:45 이후, 18:00 이후",청산실시간송신,,
234,청산결제,TCSMIH27501,차익거래면세한도(주식시장),,1200,현,O,O,,,,,,,,온라인,송신,16:00 이후,청산실시간송신,,
235,청산결제,TCSMIH27601,차익거래면세대상체결(주식시장),,1200,현,O,O,,,,,,,,온라인,송신,16:00 이후,청산실시간송신,,
236,청산결제,TCSMIR30101,옵션권리행사(거부)신고및접수통보(파생시장),,157,파,,,,O,,,,,,온라인,송수신,11:30~16:05 (발생시),청산신고,,데이터주기(시간) 변경 / 데이터주기(시간) 변경 [2026-04-27]
237,청산결제,TCSMIR30401,구분착오정정신고및접수통보(파생시장),,132,파,,,,O,,,,,,온라인,송수신,08:00~16:05 (발생시),청산신고,,항목 정의 변경 / 데이터주기(시간) 변경 / 데이터주기(시간) 변경 [2026-04-27]
238,청산결제,TCSMIR30501,착오거래정정신고및접수/승인통보(주식·파생시장),,1326,현/파,O,O,O,O,,,,,,온라인,송수신,파생:T일 08:00~16:05 / (발생시) / 주식:T일07:00 08:00~20:00 /     T+1일06:30 08:00~15:30 / (발생시),청산신고,애프터마켓 개설 관련 변경(데이터주기 변경),항목 정의 변경 / 데이터주기(시간) 변경 / 항목 정의 변경 [2024-04-22] / 데이터주기(시간) 변경 [2026-04-27]
239,청산결제,TCSMIR30601,사후증거금계좌신고및접수통보(파생시장),,185,파,,,,O,,,,,,온라인,송수신,"08:45 ~ 16:05 (발생시) / 15:45 ~ 16:05 (할인계좌, 발생시)",청산신고,,항목 정의 변경 / 데이터주기(시간) 변경 / 데이터주기(시간) 변경 [2026-04-27]
240,청산결제,TCSMIR30701,"할인계좌헤지,차익거래신고및접수통보(파생시장)",,130,파,,,,O,,,,,,온라인,송수신,09:00 ~ 10:00 (발생시) / 15:45 ~ 16:15 (발생시),청산신고,,항목 정의 변경
241,청산결제,TCSMIR31101,착오거래구제신청(파생시장),,219,파,,,,O,,,,,,온라인,송수신,08:45~16:05,청산신고,,데이터주기(시간) 변경 / 데이터주기(시간) 변경 [2026-04-27]
242,청산결제,TCSMIR31301,착오거래포지션이관신청및접수통보,,151,파,,,,O,,,,,,온라인,송수신,16:45~17:30 (발생시),청산신고,,신청시각 변경 / 항목 신규
243,청산결제,TCSMIR31601,옴니버스계좌미결제배분신고및접수통보,,193,파,,,,O,,,,,,온라인,송수신,15:45~16:05 (발생시),청산신고,,데이터주기(시간) 변경 [2026-04-27]
244,청산결제,TCSMIR31701,포지션이관신청및접수통보,,203,파,,,,O,,,,,,온라인,송수신,08:45~15:45 (발생시) / 15:45~16:05 (발생시),청산신고,,전문명 변경(변경전-신고계좌포지션이관신청및접수통보) / 항목 신규 / 데이터주기(시간) 변경 / 항목 정의 변경 [2024-04-22] / 데이터주기(시간) 변경 [2026-04-27]
245,청산결제,TCSMIR31801,타회원위탁계좌(사전증거금계좌)신고및접수통보(파생시장),,1037,파,,,,O,,,,,,온라인,송수신,~ 16:15,청산신고,,
246,청산결제,TCSMIR33001,옴니버스계좌신고및접수통보(파생시장),,139,파,,,,O,,,,,,온라인,송수신,15:45~16:05 (발생시),청산신고,,데이터주기(시간) 오타 수정 [2024-04-22] / 데이터주기(시간) 변경 [2026-04-27]
247,청산결제,TCSMIP46101,당일거래분유통결제정보(주식시장),,1200,현,O,O,O,,,,,,,배치,수신,20:00 ~ 20:30 / * 애프터마켓 미참여사는 15:30 부터 가능,청산일괄수신,애프터마켓 개설 관련 변경(데이터주기 변경),
248,청산결제,TCSMIP46401,전일거래분유통결제정보(주식시장),,1200,현,O,O,O,,,,,,,배치,수신,09:00 이후,청산일괄수신,,데이터주기(시간) 변경
249,청산결제,TCSMIP46501,시장조성자증권거래세면제헤지거래신고,,176,현,O,O,O,,,,,,,배치,수신,09:00 이후,청산일괄수신,,
250,청산결제,TCSMIP46601,회원사고객계좌부전질권내역정보,,90,현/파,O,O,O,O,,,,,,배치,수신,17:00 ~ 17:30,청산일괄수신,,항목 정의 변경
251,청산결제,TCSMIH11501,주식선물미결제한도및예정내역,,1200,파,,,,O,,,,,,온라인,송신,16:00 이후,청산실시간송신#2,,서비스(프로세스) 변경(청산실시간송신->청산실시간송신#2)
252,청산결제,TCSMIH22501,주식선물미결제수량조정후변경내역,,1200,파,,,,O,,,,,,온라인,송신,16:00 이후,청산실시간송신,,
253,청산결제,TCSMIH22601,시장조성자헤지한도계산용거래량가중평균델타,,1200,현,O,O,O,,,,,,,온라인,송신,16:00 이후,청산실시간송신,,
254,청산결제,TCSMIH22701,시장조성자헤지한도계산용지수반영시가총액비중,,1200,현,O,O,O,,,,,,,온라인,송신,16:00 이후,청산실시간송신,,
255,청산결제,TCSMIH22801,공동기금과부족금액통보(주식·파생시장),,1200,현/파,O,O,O,O,,,,,,온라인,송신,11:00 ~ 12:00 (발생시),청산실시간송신,,항목 정의 변경
256,청산결제,TCSMIH22901,포지션이관신청처리결과통보(파생시장),,1200,파,,,O,,,,,,,온라인,송신,16:15 이후,청산실시간송신,,전문명 변경(변경전 - 회원사간포지션이관신청처리결과통보) / 항목 신규 / 데이터주기(시간) 변경
257,청산결제,TCSMIH26501,종목별결제예정내역(주식시장),,1200,현,O,O,O,,,,,,,온라인,송신,20:00 이후,청산실시간송신,,
258,청산결제,TCSMIH26601,회원별결제예정내역(주식시장),,1200,현,O,O,O,,,,,,,온라인,송신,20:00 이후,청산실시간송신,,
259,청산결제,TCSMIH26901,옵션델타통보(파생시장),,1200,파,,,,O,,,,,,온라인,송신,09:05~16:30 (발생시),청산실시간송신#2,,서비스(프로세스) 변경(청산실시간송신->청산실시간송신#2) / 항목 정의 변경
260,청산결제,TCSMIH23501,착오거래선물일일정산예정내역,,1200,파,,,,O,,,,,,온라인,송신,16:15 이후,청산실시간송신,,데이터주기(시간) 변경
261,청산결제,TCSMIH23601,착오거래옵션결제차금예정내역,,1200,파,,,,O,,,,,,온라인,송신,16:15 이후,청산실시간송신,,데이터주기(시간) 변경
262,청산결제,TCSMIH23701,착오거래수수료예정내역,,1200,파,,,,O,,,,,,온라인,송신,16:15 이후,청산실시간송신,,데이터주기(시간) 변경
263,청산결제,TCSMIH23502,착오거래선물일일정산확정내역,,1200,파,,,,O,,,,,,온라인,송신,10:00 이후,청산실시간송신,,데이터주기(시간) 변경
264,청산결제,TCSMIH23602,착오거래옵션결제차금확정내역,,1200,파,,,,O,,,,,,온라인,송신,10:00 이후,청산실시간송신,,데이터주기(시간) 변경
265,청산결제,TCSMIH23702,착오거래수수료확정내역,,1200,파,,,,O,,,,,,온라인,송신,10:00 이후,청산실시간송신,,데이터주기(시간) 변경
266,청산결제,TCSMIP46201,비과세거래내역(코스닥포함),,107,현,O,O,O,,,,,,,배치,수신,15:30 이후,청산일괄수신,,
267,청산결제,TCSMIH28201,일반-소액채권시장차감거래량,,1200,채,,,,,,O,O,,,온라인,송신,15:30 이후,청산실시간송신,,
268,청산결제,TCSMIH28301,일반-소액채권시장차감거래대금,,1200,채,,,,,,O,O,,,온라인,송신,15:30 이후,청산실시간송신,,
269,청산결제,TCSMIH28401,채권시장거래수수료,,1200,채,,,,,,O,O,O,O,온라인,송신,15:30 이후,청산실시간송신,,
270,청산결제,TCSMIH28501,일반-소액채권시장거래량,,1200,채,,,,,,O,O,,,온라인,송신,15:30 이후,청산실시간송신,,
271,청산결제,TCSMIH28601,일반-소액채권시장거래대금,,1200,채,,,,,,O,O,,,온라인,송신,15:30 이후,청산실시간송신,,
272,청산결제,TCSMIH28701,REPO차감결제수량,,1200,채,,,,,,,,,O,온라인,송신,15:30 이후,청산실시간송신,,
273,청산결제,TCSMIH28801,REPO차감결제대금,,1200,채,,,,,,,,,O,온라인,송신,15:30 이후,청산실시간송신,,
274,청산결제,TCSMIH40101,장중추가증거금_선물정산가격(파생시장),,1200,파,,,,O,,,,,,온라인,송신,09:00~15:45 (발생시),청산실시간송신#2,,서비스(프로세스) 변경(청산실시간송신->청산실시간송신#2) / 항목 정의 변경
275,청산결제,TCSMIH40201,장중추가증거금_옵션증거금기준가격(파생시장),,272,파,,,,O,,,,,,온라인,송신,09:00~15:45 (발생시),청산실시간송신#2,,서비스(프로세스) 변경(청산실시간송신->청산실시간송신#2) / 항목 정의 변경
276,청산결제,TCSMIH40301,장중추가증거금_유지증거금구간별이론가격(파생시장),,560,파,,,,O,,,,,,온라인,송신,09:00~15:45 (발생시),청산실시간송신#2,,항목 정의 변경
277,청산결제,TCSMIH40401,장중추가증거금_위탁증거금구간별이론가격(파생시장),,240,파,,,,O,,,,,,온라인,송신,09:00~15:45 (발생시),청산실시간송신#2,,항목 정의 변경
278,청산결제,TCSMIH40501,장중추가증거금_종목별내재변동성(파생시장),,763,파,,,,O,,,,,,온라인,송신,09:00~15:45 (발생시),청산실시간송신#2,,서비스(프로세스) 변경(청산실시간송신->청산실시간송신#2) / 항목 정의 변경
279,청산결제,TCSMIH40601,장중추가증거금_계좌종목별미결제약정수량(파생시장),,248,파,,,,O,,,,,,온라인,송신,09:00~15:45 (발생시),청산실시간송신,,항목 신규 및 삭제
280,청산결제,TCSMIH40701,장중추가증거금_계좌별거래증거금소요액(파생시장),,633,파,,,,O,,,,,,온라인,송신,09:00~15:45 (발생시),청산실시간송신,,
281,청산결제,TCSMIH40801,장중추가증거금_선물일일정산(파생시장),,1200,파,,,,O,,,,,,온라인,송신,09:00~15:45 (발생시),청산실시간송신,,
282,청산결제,TCSMIH40901,장중추가증거금_옵션결제차금(파생시장),,1200,파,,,,O,,,,,,온라인,송신,09:00~15:45 (발생시),청산실시간송신,,
283,청산결제,TCSMIH41001,장중추가증거금_부과내역통보(파생시장),,1200,파,,,,O,,,,,,온라인,송신,09:00~15:45 (발생시),청산실시간송신,,항목 정의 변경
284,청산결제,TCSMIH41101,장중추가증거금_해제내역통보(파생시장),,1200,파,,,,O,,,,,,온라인,송신,09:00~15:45 (발생시),청산실시간송신,,항목 정의 변경
285,청산결제,TCSMIH41201,장중추가증거금_위탁자기별거래증거금소요액(파생시장),,1200,파,,,,O,,,,,,온라인,송신,09:00~15:45 (발생시),청산실시간송신,,
286,청산결제,TCSMIH41301,장중추가증거금_기초자산변동률부과요건(파생시장),,1200,파,,,,O,,,,,,온라인,송신,09:00~15:45 (발생시),청산실시간송신#2,,서비스(프로세스) 변경(청산실시간송신->청산실시간송신#2)
287,청산결제,TCSMIH42101,거래증거금_종목별증거금률(증권시장),,150,현,O,O,O,,,,,,,온라인,송신,15:00~16:00,청산실시간송신,,서비스(프로세스) 변경(청산실시간송신#2->청산실시간송신)
288,청산결제,TCSMIH42201,거래증거금_위탁자기별거래증거금소요액(증권시장),,1200,현,O,O,O,,,,,,,온라인,송신,20:00 이후,청산실시간송신,,
289,청산결제,TCSMIH42301,거래증거금과부족내역통보(증권시장),,1200,현,O,O,O,,,,,,,온라인,송신,0.3333333333333333,청산실시간송신,,
290,청산결제,TCSMIH42401,거래증거금_위탁자기별종목별거래량가중평균가격(증권시장),,359,현,O,O,O,,,,,,,온라인,송신,20:00 이후,청산실시간송신,,
291,청산결제,TCSMIH43101,장중추가증거금_기초자산변동률부과요건(증권시장),,1200,현,O,O,O,,,,,,,온라인,송신,09:00~18:00 (발생시),청산실시간송신,,서비스(프로세스) 변경(청산실시간송신#2->청산실시간송신)
292,청산결제,TCSMIH43201,장중추가증거금_위탁자기별거래증거금소요액(증권시장),,1200,현,O,O,O,,,,,,,온라인,송신,09:00~18:00 (발생시),청산실시간송신,,
293,청산결제,TCSMIH43301,장중추가증거금_부과내역통보(증권시장),,1200,현,O,O,O,,,,,,,온라인,송신,09:00~18:00 (발생시),청산실시간송신,,
294,청산결제,TCSMIH43401,장중추가증거금_해제내역통보(증권시장),,1200,현,O,O,O,,,,,,,온라인,송신,09:00~18:00 (발생시),청산실시간송신,,
295,청산결제,TCSMIH43501,장중추가증거금_위탁자기별종목별포지션/VWAP(증권시장),,193,현,O,O,O,,,,,,,온라인,송신,09:00~18:00 (발생시),청산실시간송신,,
296,청산결제,TCSMIH43601,장중추가증거금_증거금기준가격(증권시장),,185,현,O,O,O,,,,,,,온라인,송신,09:00~18:00 (발생시),청산실시간송신,,서비스(프로세스) 변경(청산실시간송신#2->청산실시간송신)
297,청산결제,TCSMIR32101,증권시장착오거래구제신청수신및응답,,313,현,O,O,,,,,,,,온라인,수신,09:00~20:30,청산신고,애프터마켓 개설 관련 변경(데이터주기 변경),
298,청산결제,TCSMIR32201,증권시장착오거래구제가격변경신청수신및응답,,337,현,O,O,,,,,,,,온라인,수신,08:00~10:00,청산신고,애프터마켓 개설 관련 변경(데이터주기 변경),
299,청산결제,TCSMIH32101,증권시장착오거래구제접수결과송신,,1200,현,O,O,,,,,,,,온라인,송신,09:00~20:30,청산실시간송신,애프터마켓 개설 관련 변경(데이터주기 변경),
300,청산결제,TCSMIH32201,증권시장착오거래구제가격변경접수결과송신,,1200,현,O,O,,,,,,,,온라인,송신,08:00~10:00,청산실시간송신,애프터마켓 개설 관련 변경(데이터주기 변경),
301,청산결제,TCSMIH32301,증권시장착오거래구제대상거래통보송신,,1200,현,O,O,,,,,,,,온라인,송신,09:00~20:30,청산실시간송신,애프터마켓 개설 관련 변경(데이터주기 변경),
302,청산결제,TCSMIH32401,증권시장착오거래구제처리결과송신,,1200,현,O,O,,,,,,,,온라인,송신,~17:00,청산실시간송신,애프터마켓 개설 관련 변경(데이터주기 변경),
303,청산결제,TCSMIH29901,업무마감,,1200,현/파,O,O,O,O,,,,O,,온라인,송신,선물 16:30 이후 / 현물 20:30 이후,청산실시간송신,,
304,청산결제,TCSMIH29903,업무마감#2,,1200,파,,,,O,,,,,,온라인,송신,16:30 이후,청산실시간송신#2,,
305,청산결제,TCSMIH29902,최종마감,,1200,현/파,O,O,O,O,,,,O,,온라인,송신,20:30 이후,청산실시간송신,,
306,청산결제,TCSMIH29904,최종마감#2,,1200,현/파,O,O,O,O,,,,O,,온라인,송신,16:30 이후,청산실시간송신#2,,
307,청산결제,TRDESP00201,기초자산상품군,,1200,파,,,,O,,,,,,온라인,송신,15:45~16:30,청산실시간송신#2,개별 주식위클리옵션 상장 관련 변경(항목 추가),서비스(프로세스) 변경(매매공통채널->청산실시간송신#2)
308,청산결제,TRDESP03501,위탁/거래증거금율,,1200,파,,,,O,,,,,,온라인,송신,08:30~09:00,청산실시간송신#2,,서비스(프로세스) 변경(매매공통채널->청산실시간송신#2)
309,청산결제,TCSMIH50401,[야간파생] 계좌별증거금,,633,파,,,,O,,,,,,온라인,송신,06:00 이후,청산실시간송신,야간파생신규전문,
310,청산결제,TCSMIH52301,[야간파생] 위탁자기별증거금,,1200,파,,,,O,,,,,,온라인,송신,06:00 이후,청산실시간송신,야간파생신규전문,
311,청산결제,TCSMIH52302,[야간파생] 신용위험거래증거금_경고및부과통보(파생시장),,1200,파,,,,O,,,,,,온라인,송신,06:00 이후,청산실시간송신,야간파생신규전문,
312,청산결제,TCSMIH70301,[야간파생]계좌종목별미결제약정수량(파생시장),,248,파,,,,O,,,,,,온라인,송신,06:00 이후,청산실시간송신,야간파생신규전문,
313,시장관리,TMCIFR00001,신용정보(공통),,1092,현,,,,,,,,,,배치,수신,20:00 ~,일괄수신,,
314,시장관리,TMCIFR00004,투자자 구분별 체결내역(공통),,101,현/파,,,,O,,,,,,배치,수신,15:30 ~,일괄수신,,
315,시장감시,TSVIIS00100,특이 위탁자 계좌 기본정보 요청(1차),,107,현,O,O,O,,,,,,,배치,송신,daily,시장감시 송신,,
316,시장감시,TSVIIS00200,세부심리자료 요청(2차),,224,현,O,O,O,,,,,,,배치,송신,daily,시장감시 송신,,
317,시장감시,TSVIIS00300,"파생심리계좌기본정보,매매입출금내역에대한요청",,140,파,,,,O,,,,,,배치,송신,daily,시장감시 송신,,
318,시장감시,TSVIIS00400,실제투자자주문내역요청,,110,현,O,O,O,,,,,,,배치,송신,daily,시장감시 송신,,
319,시장감시,TSVIIS00500,예방조치 장중건전주문,,181,현,O,O,O,,,,,,,배치,송신,daily,시장감시 송신,,19시이후 1회 송신
320,시장감시,TSVIIS00600,투자자식별정보SALT내용,,102,현/파,O,O,O,,,,,,,배치,송신,daily,시장감시 송신,,
321,시장감시,TSVIIS00700,회원사계좌번호요청,,103,현,O,O,O,,,,,,,배치,송신,daily,시장감시 송신,,
322,시장감시,TSVIIR00000,종합감리수신 전체 압축 트랜잭션코드,,0,현,O,O,O,,,,,,,배치,수신,daily,시장감시 수신,,
323,시장감시,TSVIIR00101,계좌응답정보(특이위탁자 계좌정보),,849,현,O,O,O,,,,,,,배치,수신,daily,시장감시 수신,,
324,시장감시,TSVIIR00201,세부심리자료응답 계좌기본정보,,1399,현,O,O,O,,,,,,,배치,수신,daily,시장감시 수신,,
325,시장감시,TSVIIR00202,유가증권 잔고내역,,206,현,O,O,O,,,,,,,배치,수신,daily,시장감시 수신,,
326,시장감시,TSVIIR00203,신용거래 잔고내역,,284,현,O,O,O,,,,,,,배치,수신,daily,시장감시 수신,,
327,시장감시,TSVIIR00204,고객계좌부,,1154,현,O,O,O,,,,,,,배치,수신,daily,시장감시 수신,,
328,시장감시,TSVIIR00205,수표입출금내역,,812,현,O,O,O,,,,,,,배치,수신,daily,시장감시 수신,,
329,시장감시,TSVIIR00206,이체입출금내역,,655,현,O,O,O,,,,,,,배치,수신,daily,시장감시 수신,,
330,시장감시,TSVIIR00207,대체입출금내역,,498,현,O,O,O,,,,,,,배치,수신,daily,시장감시 수신,,
331,시장감시,TSVIIR00208,현금입출금내역,,485,현,O,O,O,,,,,,,배치,수신,daily,시장감시 수신,,
332,시장감시,TSVIIR00209,유가증권입출고내역(대체),,583,현,O,O,O,,,,,,,배치,수신,daily,시장감시 수신,,
333,시장감시,TSVIIR00210,유가증권입출고내역(실물),,698,현,O,O,O,,,,,,,배치,수신,daily,시장감시 수신,,
334,시장감시,TSVIIR00211,계좌관리자기본정보,,402,현,O,O,O,,,,,,,배치,수신,daily,시장감시 수신,,
335,시장감시,TSVIIR00212,거래시각별 매매내역,,442,현,O,O,O,,,,,,,배치,수신,daily,시장감시 수신,,
336,시장감시,TSVIIR00213,주문매체정보,,200,현,O,O,O,,,,,,,배치,수신,daily,시장감시 수신,,
337,시장감시,TSVIIR00311,파생심리 계좌기본정보,,1541,파,,,,O,,,,,,배치,수신,daily,시장감시 수신,,
338,시장감시,TSVIIR00312,파생심리 고객계좌부,,1023,파,,,,O,,,,,,배치,수신,daily,시장감시 수신,,
339,시장감시,TSVIIR00313,파생심리 수표입출금내역,,761,파,,,,O,,,,,,배치,수신,daily,시장감시 수신,,
340,시장감시,TSVIIR00314,파생심리 이체입출금내역,,612,파,,,,O,,,,,,배치,수신,daily,시장감시 수신,,
341,시장감시,TSVIIR00315,파생심리 대체입출금내역,,455,파,,,,O,,,,,,배치,수신,daily,시장감시 수신,,
342,시장감시,TSVIIR00316,파생심리 현금입출금내역,,382,파,,,,O,,,,,,배치,수신,daily,시장감시 수신,,
343,시장감시,TSVIIR00317,파생심리 계좌관리자기본정보,,367,파,,,,O,,,,,,배치,수신,daily,시장감시 수신,,
344,시장감시,TSVIIR00318,파생심리 주문매체정보,,350,파,,,,O,,,,,,배치,수신,daily,시장감시 수신,,
345,시장감시,TSVIIR00319,파생심리 선물옵션 미결제약정현황(잔고내역),,348,파,,,,O,,,,,,배치,수신,daily,시장감시 수신,,
346,시장감시,TSVIIR00320,파생심리 예탁금부문,,288,파,,,,O,,,,,,배치,수신,daily,시장감시 수신,,
347,시장감시,TSVIIR00401,실제투자자상세주문내역,,535,현,O,O,O,,,,,,,배치,수신,daily,시장감시 수신,,
348,시장감시,TSVIIR00601,투자자식별정보,,184,현/파,O,O,O,,,,,,,배치,수신,daily,시장감시 수신,,
349,시장감시,TSVIIR00701,회원사계좌번호내역,,76,현,O,O,O,,,,,,,배치,수신,daily,시장감시 수신,,
350,시장감시,TSVACH00101,계좌번호변경 내역,,99,현/파,O,O,O,O,,,,,,배치,수신,16:00 이후,시장감시 수신,,
351,MMLP,TMLHQR00001,ETN LP 정규시장 외 취득/처분 신고,,0,현,O,,,,,,,,,배치,수신,08:00~20:10,일괄수신,애프터마켓 개설 관련 변경(데이터주기 변경),데이터 주기 08:00~18:30으로 변경
352,MMLP,TMLHQR00002,ETN LP 취득/처분수량 정정 신고,,0,현,O,,,,,,,,,배치,수신,09:00~14:50,일괄수신,,
353,MMLP,TMLHQR00003,주식 시장조성 일별 보유량 신고,,0,현,O,O,,,,,,,,배치,수신,08:00~12:00,일괄수신,,
354,매매,별첨,별첨-파생상품 표준코드_채권호가 안내,,,,,,,,,,,,,,,,,,파생상품 표준코드 정비
355,매매,별첨,전문내 호가 가격 정의,,,,,,,,,,,,,,,,,,사유코드 추가
356,매매,별첨,호가거부사유 코드,,,,,,,,,,,,,,,,,,
357,매매,별첨,메세지 적용 원칙,,,,,,,,,,,,,,,,,,
358,매매,별첨,호가거부처리내용,,,,,,,,,,,,,,,,,,
359,매매,별첨,파생시장 계좌구분 증거금 유형 매핑,,,,,,,,,,,,,,,,,,
360,매매,별첨,세션ID 매핑,,,,,,,,O,,,,,,,,,,
361,장운영,별첨,장운영구분코드 매핑,,,,,,,,O,,,,,,,,,,
362,장운영,별첨,공개정보 항목 Matrix,,,,,,,,,,,,,,,,,,
363,장운영,별첨,장운영상품그룹ID,,,,,,,,O,,,,,,,,,,
364,시장감시,별첨,원장거래구분,,,,,,,,,,,,,,,,,,명칭변경 : 종합감리 → 시장감시
365,청산결제,별첨,청산결제 전문 설명,,,,,,,,,,,,,,,,,,
366,RDS,별첨,국가코드 매핑,,,,,,,,,,,,,,,,,,
367,RDS,별첨,거래정지사유 코드,,,,,,,,,,,,,,,,,,
368,RDS,별첨,표준산업 코드,,,,,,,,,,,,,,,,,,
369,RDS,별첨,보드ID 매핑,,,,,,,,O,,,,,,,,,,협의대량 보드ID 추가
370,RDS,별첨,KRX 차세대 상품 ID체계,,,,,,,,O,,,,,,,,,,파생야간상품ID 추가
371,채널,별첨,채널시스템 거부사유코드,,,,,,,,,,,,,,,,,,
372,채널,별첨,채권분류코드표,,,,,,,,,,,,,,,,,,
373,채널,별첨,회원별 접속포트 정보,,,,,,,,,,,,,,,,,,"주문,체결 프로세스 수 확대, Drop-Copy 포트 지정"
